1.00E+01	0.001	0	1.000015
100000	0.001	0	3.033335
10000	0.001	0	1.85875
1000	0.001	0	1.0844
100	0.001	0	1.001251
1	0.001	0	1
100000	0.001	0.1	3.039580333
10000	0.001	0.1	1.831007
1000	0.001	0.1	1.0193813
100	0.001	0.1	0.941467567
1	0.001	0.1	0.940255533
100000	0.001	0.2	3.045825667
10000	0.001	0.2	1.803264
1000	0.001	0.2	0.9543626
100	0.001	0.2	0.881684133
1	0.001	0.2	0.880511067
100000	0.001	0.3	3.052071
10000	0.001	0.3	1.775521
1000	0.001	0.3	0.8893439
100	0.001	0.3	0.8219007
1	0.001	0.3	0.8207666
100000	0.001	0.4	2.9261155
10000	0.001	0.4	1.3536525
1000	0.001	0.4	0.74029195
100	0.001	0.4	0.6996298
1	0.001	0.4	0.698861
100000	0.001	0.5	2.80016
10000	0.001	0.5	0.931784
1000	0.001	0.5	0.59124
100	0.001	0.5	0.5773589
1	0.001	0.5	0.5769554
100000	0.001	0.6	1.70756125
10000	0.001	0.6	0.65236155
1000	0.001	0.6	0.4608922
100	0.001	0.6	0.45228745
1	0.001	0.6	0.45206045
100000	0.001	0.7	0.6149625
10000	0.001	0.7	0.3729391
1000	0.001	0.7	0.3305444
100	0.001	0.7	0.327216
1	0.001	0.7	0.3271655
100000	0.001	0.8	0.4079853
10000	0.001	0.8	0.2419711
1000	0.001	0.8	0.2123179
100	0.001	0.8	0.2116577
1	0.001	0.8	0.2116506
100000	0.001	0.85	0.3824199
10000	0.001	0.85	0.168824
1000	0.001	0.85	0.1565843
100	0.001	0.85	0.1564139
1	0.001	0.85	0.1564121
100000	0.001	0.9	0.2036618
10000	0.001	0.9	0.105025
1000	0.001	0.9	0.1027883
100	0.001	0.9	0.1027645
1	0.001	0.9	0.1027643
100000	0.001	0.92	0.1317363
10000	0.001	0.92	0.08253338
1000	0.001	0.92	0.08176728
100	0.001	0.92	0.08175948
1	0.001	0.92	0.0817594
100000	0.001	0.95	0.05771875
10000	0.001	0.95	0.0507316
1000	0.001	0.95	0.05064284
100	0.001	0.95	0.05064195
1	0.001	0.95	0.05064194
100000	0.001	0.96	0.0428429
10000	0.001	0.96	0.04045971
1000	0.001	0.96	0.04043531
100	0.001	0.96	0.04043506
1	0.001	0.96	0.04043506
100000	0.001	0.97	0.03084894
10000	0.001	0.97	0.03022741
1000	0.001	0.97	0.03021925
100	0.001	0.97	0.03021917
1	0.001	0.97	0.03023967
100000	0.001	0.98	0.02019357
10000	0.001	0.98	0.02008843
1000	0.001	0.98	0.02008681
100	0.001	0.98	0.02008679
1	0.001	0.98	0.02008679
100000	0.001	0.99	0.01002829
10000	0.001	0.99	0.01002545
1000	0.001	0.99	0.01002542
100	0.001	0.99	0.01002542
1	0.001	0.99	0.01002542
1.00E+05	0.002	0	3.07891
1.00E+06	0.002	0	4.909856
100000	0.003	0	3.115169
10000	0.003	0	1.894989
1000	0.003	0	1.092251
100	0.003	0	1.001361
1	0.003	0	1
100000	0.003	0.1	3.124822333
10000	0.003	0.1	1.874391333
1000	0.003	0.1	1.029136233
100	0.003	0.1	0.941595733
1	0.003	0.1	0.940255533
100000	0.003	0.2	3.134475667
10000	0.003	0.2	1.853793667
1000	0.003	0.2	0.966021467
100	0.003	0.2	0.881830467
1	0.003	0.2	0.880511067
100000	0.003	0.3	3.144129
10000	0.003	0.3	1.833196
1000	0.003	0.3	0.9029067
100	0.003	0.3	0.8220652
1	0.003	0.3	0.8207666
100000	0.003	0.4	3.065796
10000	0.003	0.4	1.4516335
1000	0.003	0.4	0.75287865
100	0.003	0.4	0.6997549
1	0.003	0.4	0.698861
100000	0.003	0.5	2.987463
10000	0.003	0.5	1.070071
1000	0.003	0.5	0.6028506
100	0.003	0.5	0.5774446
1	0.003	0.5	0.5769554
100000	0.003	0.6	1.99963
10000	0.003	0.6	0.77196425
1000	0.003	0.6	0.46728065
100	0.003	0.6	0.4523307
1	0.003	0.6	0.45206045
100000	0.003	0.7	1.011797
10000	0.003	0.7	0.4738575
1000	0.003	0.7	0.3317107
100	0.003	0.7	0.3272168
1	0.003	0.7	0.3271655
100000	0.003	0.8	0.8497331
10000	0.003	0.8	0.2617426
1000	0.003	0.8	0.2123576
100	0.003	0.8	0.2116577
1	0.003	0.8	0.2116506
100000	0.003	0.85	0.5754003
10000	0.003	0.85	0.1720895
1000	0.003	0.85	0.1565864
100	0.003	0.85	0.1564139
1	0.003	0.85	0.1564121
100000	0.003	0.9	0.2425442
10000	0.003	0.9	0.1051319
1000	0.003	0.9	0.1027883
100	0.003	0.9	0.1027645
1	0.003	0.9	0.1027643
100000	0.003	0.92	0.1416443
10000	0.003	0.92	0.08254439
1000	0.003	0.92	0.08176729
100	0.003	0.92	0.08175948
1	0.003	0.92	0.0817594
100000	0.003	0.95	0.05793754
10000	0.003	0.95	0.05073179
1000	0.003	0.95	0.05064284
100	0.003	0.95	0.05064195
1	0.003	0.95	0.05064194
100000	0.003	0.96	0.04286618
10000	0.003	0.96	0.04045971
1000	0.003	0.96	0.04043531
100	0.003	0.96	0.04043506
1	0.003	0.96	0.04043506
100000	0.003	0.97	0.03085031
10000	0.003	0.97	0.03022741
1000	0.003	0.97	0.03021925
100	0.003	0.97	0.03021917
1	0.003	0.97	0.03023967
100000	0.003	0.98	0.02019361
10000	0.003	0.98	0.02008843
1000	0.003	0.98	0.02008681
100	0.003	0.98	0.02008679
1	0.003	0.98	0.02008679
100000	0.003	0.99	0.01002829
10000	0.003	0.99	0.01002545
1000	0.003	0.99	0.01002542
100	0.003	0.99	0.01002542
1	0.003	0.99	0.01002542
1.00E+05	0.005	0	3.171643
1.00E+05	0.007	0	3.219461
1.00E+01	0.01	0	1.000015
1000000	0.01	0	5.561957
100000	0.01	0	3.28126
10000	0.01	0	1.958735
1000	0.01	0	1.1018
100	0.01	0	1.001431
1	0.01	0	1
1000000	0.01	0.1	5.585052
100000	0.01	0.1	3.29681
10000	0.01	0.1	1.947785333
1000	0.01	0.1	1.041212033
100	0.01	0.1	0.9416788
1	0.01	0.1	0.940255533
1000000	0.01	0.2	5.608147
100000	0.01	0.2	3.31236
10000	0.01	0.2	1.936835667
1000	0.01	0.2	0.980624067
100	0.01	0.2	0.8819266
1	0.01	0.2	0.880511067
1000000	0.01	0.3	5.631242
100000	0.01	0.3	3.32791
10000	0.01	0.3	1.925886
1000	0.01	0.3	0.9200361
100	0.01	0.3	0.8221744
1	0.01	0.3	0.8207666
1000000	0.01	0.4	5.6836245
100000	0.01	0.4	3.3345225
10000	0.01	0.4	1.6335535
1000	0.01	0.4	0.76802385
100	0.01	0.4	0.699824
1	0.01	0.4	0.698861
1000000	0.01	0.5	5.736007
100000	0.01	0.5	3.341135
10000	0.01	0.5	1.341221
1000	0.01	0.5	0.6160116
100	0.01	0.5	0.5774736
1	0.01	0.5	0.5769554
1000000	0.01	0.6	5.225934
100000	0.01	0.6	2.68371
10000	0.01	0.6	0.9702885
1000	0.01	0.6	0.47410315
100	0.01	0.6	0.45234525
1	0.01	0.6	0.45206045
1000000	0.01	0.7	4.715861
100000	0.01	0.7	2.026285
10000	0.01	0.7	0.599356
1000	0.01	0.7	0.3321947
100	0.01	0.7	0.3272169
1	0.01	0.7	0.3271655
1000000	0.01	0.8	3.630632
100000	0.01	0.8	1.338387
10000	0.01	0.8	0.2741101
1000	0.01	0.8	0.2123654
100	0.01	0.8	0.2116577
1	0.01	0.8	0.2116506
1000000	0.01	0.85	3.446851
100000	0.01	0.85	0.751325
10000	0.01	0.85	0.173234
1000	0.01	0.85	0.1565867
100	0.01	0.85	0.1564139
1	0.01	0.85	0.1564121
1000000	0.01	0.9	1.86281
100000	0.01	0.9	0.2614752
10000	0.01	0.9	0.1051538
1000	0.01	0.9	0.1027883
100	0.01	0.9	0.1027645
1	0.01	0.9	0.1027643
1000000	0.01	0.92	1.150928
100000	0.01	0.92	0.1449306
10000	0.01	0.92	0.08254621
1000	0.01	0.92	0.08176729
100	0.01	0.92	0.08175948
1	0.01	0.92	0.0817594
1000000	0.01	0.95	0.3304266
100000	0.01	0.95	0.05798314
10000	0.01	0.95	0.05073184
1000	0.01	0.95	0.05064285
100	0.01	0.95	0.05064195
1	0.01	0.95	0.05064194
1000000	0.01	0.96	0.1717173
100000	0.01	0.96	0.0428702
10000	0.01	0.96	0.04045971
1000	0.01	0.96	0.04043531
100	0.01	0.96	0.04043506
1	0.01	0.96	0.04043506
1000000	0.01	0.97	0.07555047
100000	0.01	0.97	0.03085055
10000	0.01	0.97	0.03022742
1000	0.01	0.97	0.03021925
100	0.01	0.97	0.03021917
1	0.01	0.97	0.03023967
1000000	0.01	0.98	0.02853302
100000	0.01	0.98	0.02019362
10000	0.01	0.98	0.02008843
1000	0.01	0.98	0.02008681
100	0.01	0.98	0.02008679
1	0.01	0.98	0.02008679
1000000	0.01	0.99	0.01031028
100000	0.01	0.99	0.01002829
10000	0.01	0.99	0.01002545
1000	0.01	0.99	0.01002542
100	0.01	0.99	0.01002542
1	0.01	0.99	0.01002542
1.00E+05	0.015	0	3.366323
1.00E+05	0.02	0	3.437441
10000000	0.0225	0	11.37743
1000000	0.0225	0	6.133316
100000	0.0225	0	3.469181
10000	0.0225	0	2.015497
1000	0.0225	0	1.108968
100	0.0225	0	1.001449
1	0.0225	0	1
10000000	0.0225	0.1	11.42782
1000000	0.0225	0.1	6.167424333
100000	0.0225	0.1	3.490478333
10000	0.0225	0.1	2.011637
1000	0.0225	0.1	1.049224333
100	0.0225	0.1	0.9417014
1	0.0225	0.1	0.940255533
10000000	0.0225	0.2	11.47821
1000000	0.0225	0.2	6.201532667
100000	0.0225	0.2	3.511775667
10000	0.0225	0.2	2.007777
1000	0.0225	0.2	0.989480667
100	0.0225	0.2	0.8819538
1	0.0225	0.2	0.880511067
10000000	0.0225	0.3	11.5286
1000000	0.0225	0.3	6.235641
100000	0.0225	0.3	3.533073
10000	0.0225	0.3	2.003917
1000	0.0225	0.3	0.929737
100	0.0225	0.3	0.8222062
1	0.0225	0.3	0.8207666
10000000	0.0225	0.4	11.611495
1000000	0.0225	0.4	6.292676
100000	0.0225	0.4	3.599724
10000	0.0225	0.4	1.7783335
1000	0.0225	0.4	0.776049
100	0.0225	0.4	0.69984145
1	0.0225	0.4	0.698861
10000000	0.0225	0.5	11.69439
1000000	0.0225	0.5	6.349711
100000	0.0225	0.5	3.666375
10000	0.0225	0.5	1.55275
1000	0.0225	0.5	0.622361
100	0.0225	0.5	0.5774767
1	0.0225	0.5	0.5769554
10000000	0.0225	0.6	11.8726
1000000	0.0225	0.6	6.3181635
100000	0.0225	0.6	3.255925
10000	0.0225	0.6	1.1042171
1000	0.0225	0.6	0.47731495
100	0.0225	0.6	0.4523468
1	0.0225	0.6	0.45206045
10000000	0.0225	0.7	12.05081
1000000	0.0225	0.7	6.286616
100000	0.0225	0.7	2.845475
10000	0.0225	0.7	0.6556842
1000	0.0225	0.7	0.3322689
100	0.0225	0.7	0.3272169
1	0.0225	0.7	0.3271655
10000000	0.0225	0.8	11.31896
1000000	0.0225	0.8	5.805741
100000	0.0225	0.8	1.588268
10000	0.0225	0.8	0.277004
1000	0.0225	0.8	0.2123661
100	0.0225	0.8	0.2116577
1	0.0225	0.8	0.2116506
10000000	0.0225	0.85	10.83338
1000000	0.0225	0.85	4.465138
100000	0.0225	0.85	0.8156392
10000	0.0225	0.85	0.1734107
1000	0.0225	0.85	0.1565867
100	0.0225	0.85	0.1564139
1	0.0225	0.85	0.1564121
10000000	0.0225	0.9	9.682742
1000000	0.0225	0.9	2.152737
100000	0.0225	0.9	0.2653288
10000	0.0225	0.9	0.1051562
1000	0.0225	0.9	0.1027883
100	0.0225	0.9	0.1027645
1	0.0225	0.9	0.1027643
10000000	0.0225	0.92	7.330292
1000000	0.0225	0.92	1.245855
100000	0.0225	0.92	0.1454821
10000	0.0225	0.92	0.08254642
1000	0.0225	0.92	0.08176729
100	0.0225	0.92	0.08175948
1	0.0225	0.92	0.0817594
10000000	0.0225	0.95	2.857657
1000000	0.0225	0.95	0.3346694
100000	0.0225	0.95	0.05798821
10000	0.0225	0.95	0.05073185
1000	0.0225	0.95	0.05064285
100	0.0225	0.95	0.05064195
1	0.0225	0.95	0.05064194
10000000	0.0225	0.96	1.587014
1000000	0.0225	0.96	0.1724144
100000	0.0225	0.96	0.04287065
10000	0.0225	0.96	0.04045971
1000	0.0225	0.96	0.04043531
100	0.0225	0.96	0.04043506
1	0.0225	0.96	0.04043506
10000000	0.0225	0.97	0.6972391
1000000	0.0225	0.97	0.07561801
100000	0.0225	0.97	0.03085059
10000	0.0225	0.97	0.03022742
1000	0.0225	0.97	0.03021925
100	0.0225	0.97	0.03021917
1	0.0225	0.97	0.03023967
10000000	0.0225	0.98	0.2100696
1000000	0.0225	0.98	0.02853602
100000	0.0225	0.98	0.02019363
10000	0.0225	0.98	0.02008843
1000	0.0225	0.98	0.02008681
100	0.0225	0.98	0.02008679
1	0.0225	0.98	0.02008679
10000000	0.0225	0.99	0.0271497
1000000	0.0225	0.99	0.01031028
100000	0.0225	0.99	0.01002829
10000	0.0225	0.99	0.01002545
1000	0.0225	0.99	0.01002542
100	0.0225	0.99	0.01002542
1	0.0225	0.99	0.01002542
1.00E+05	0.03	0	3.549962
1.00E+01	0.05	0	1.000015
5.00E+01	0.05	0	1.000365
2.00E+02	0.05	0	1.00576
3.00E+02	0.05	0	1.012744
4.00E+02	0.05	0	1.022169
5.00E+02	0.05	0	1.03375
6.00E+02	0.05	0	1.047183
7.00E+02	0.05	0	1.062163
8.00E+02	0.05	0	1.078393
9.00E+02	0.05	0	1.095606
1.20E+03	0.05	0	1.150875
1.50E+03	0.05	0	1.20811
2.00E+03	0.05	0	1.300936
3.00E+03	0.05	0	1.463985
5.00E+03	0.05	0	1.707392
7.00E+03	0.05	0	1.882209
2.00E+04	0.05	0	2.482306
3.00E+04	0.05	0	2.744106
3.00E+05	0.05	0	4.930587
3.00E+06	0.05	0	9.143603
2.00E+08	0.05	0	28.35232
100000000	0.05	0	23.5392
30000000	0.05	0	17.01129
10000000	0.05	0	12.65627
1000000	0.05	0	6.795819
100000	0.05	0	3.709965
10000	0.05	0	2.076523
1000	0.05	0	1.113558
100	0.05	0	1.001456
1	0.05	0	1
100000000	0.05	0.1	23.58998
30000000	0.05	0.1	17.05845333
10000000	0.05	0.1	12.70382667
1000000	0.05	0.1	6.835735333
100000	0.05	0.1	3.736477667
10000	0.05	0.1	2.078095
1000	0.05	0.1	1.0545148
100	0.05	0.1	0.941709
1	0.05	0.1	0.940255533
100000000	0.05	0.2	23.64076
30000000	0.05	0.2	17.10561667
10000000	0.05	0.2	12.75138333
1000000	0.05	0.2	6.875651667
100000	0.05	0.2	3.762990333
10000	0.05	0.2	2.079667
1000	0.05	0.2	0.9954716
100	0.05	0.2	0.881962
1	0.05	0.2	0.880511067
100000000	0.05	0.3	23.69154
30000000	0.05	0.3	17.15278
10000000	0.05	0.3	12.79894
1000000	0.05	0.3	6.915568
100000	0.05	0.3	3.789503
10000	0.05	0.3	2.081239
1000	0.05	0.3	0.9364284
100	0.05	0.3	0.822215
1	0.05	0.3	0.8207666
100000000	0.05	0.4	23.78614
30000000	0.05	0.4	17.24403
10000000	0.05	0.4	12.879785
1000000	0.05	0.4	6.9739865
100000	0.05	0.4	3.8861725
10000	0.05	0.4	1.8950495
1000	0.05	0.4	0.7809977
100	0.05	0.4	0.6998462
1	0.05	0.4	0.698861
100000000	0.05	0.5	23.88074
30000000	0.05	0.5	17.33528
10000000	0.05	0.5	12.96063
1000000	0.05	0.5	7.032405
100000	0.05	0.5	3.982842
10000	0.05	0.5	1.70886
1000	0.05	0.5	0.625567
100	0.05	0.5	0.5774774
1	0.05	0.5	0.5769554
100000000	0.05	0.6	23.95675
30000000	0.05	0.6	17.32605
10000000	0.05	0.6	13.02342
1000000	0.05	0.6	7.33203
100000	0.05	0.6	3.664643
10000	0.05	0.6	1.1965129
1000	0.05	0.6	0.4789263
100	0.05	0.6	0.45234715
1	0.05	0.6	0.45206045
100000000	0.05	0.7	24.03276
30000000	0.05	0.7	17.31682
10000000	0.05	0.7	13.08621
1000000	0.05	0.7	7.631655
100000	0.05	0.7	3.346444
10000	0.05	0.7	0.6841658
1000	0.05	0.7	0.3322856
100	0.05	0.7	0.3272169
1	0.05	0.7	0.3271655
100000000	0.05	0.8	24.63112
30000000	0.05	0.8	18.62586
10000000	0.05	0.8	14.22569
1000000	0.05	0.8	6.987539
100000	0.05	0.8	1.738389
10000	0.05	0.8	0.2779078
1000	0.05	0.8	0.2123663
100	0.05	0.8	0.2116577
1	0.05	0.8	0.2116506
100000000	0.05	0.85	25.91912
30000000	0.05	0.85	19.1119
10000000	0.05	0.85	14.23613
1000000	0.05	0.85	5.216245
100000	0.05	0.85	0.843825
10000	0.05	0.85	0.1734524
1000	0.05	0.85	0.1565868
100	0.05	0.85	0.1564139
1	0.05	0.85	0.1564121
100000000	0.05	0.9	26.41695
30000000	0.05	0.9	18.33697
10000000	0.05	0.9	11.45899
1000000	0.05	0.9	2.319301
100000	0.05	0.9	0.2665487
10000	0.05	0.9	0.1051568
1000	0.05	0.9	0.1027883
100	0.05	0.9	0.1027645
1	0.05	0.9	0.1027643
100000000	0.05	0.92	25.69151
30000000	0.05	0.92	15.86723
10000000	0.05	0.92	8.491806
1000000	0.05	0.92	1.286829
100000	0.05	0.92	0.1456241
10000	0.05	0.92	0.08254648
1000	0.05	0.92	0.08176729
100	0.05	0.92	0.08175948
1	0.05	0.92	0.0817594
100000000	0.05	0.95	17.6598
30000000	0.05	0.95	7.669185
10000000	0.05	0.95	3.016316
1000000	0.05	0.95	0.3359954
100000	0.05	0.95	0.0579895
10000	0.05	0.95	0.05073186
1000	0.05	0.95	0.05064285
100	0.05	0.95	0.05064195
1	0.05	0.95	0.05064194
100000000	0.05	0.96	12.09227
30000000	0.05	0.96	4.505838
10000000	0.05	0.96	1.621404
1000000	0.05	0.96	0.1726046
100000	0.05	0.96	0.04287077
10000	0.05	0.96	0.04045971
1000	0.05	0.96	0.04043531
100	0.05	0.96	0.04043506
1	0.05	0.96	0.04043506
100000000	0.05	0.97	6.279336
30000000	0.05	0.97	2.053253
10000000	0.05	0.97	0.7011647
1000000	0.05	0.97	0.07563597
100000	0.05	0.97	0.03085061
10000	0.05	0.97	0.03022742
1000	0.05	0.97	0.03021925
100	0.05	0.97	0.03021917
1	0.05	0.97	0.03023967
100000000	0.05	0.98	2.058135
30000000	0.05	0.98	0.628037
10000000	0.05	0.98	0.2102084
1000000	0.05	0.98	0.02853715
100000	0.05	0.98	0.02019363
10000	0.05	0.98	0.02008843
1000	0.05	0.98	0.02008681
100	0.05	0.98	0.02008679
1	0.05	0.98	0.02008679
100000000	0.05	0.99	0.2686894
30000000	0.05	0.99	0.08067422
10000000	0.05	0.99	0.02715004
1000000	0.05	0.99	0.01031027
100000	0.05	0.99	0.01002829
10000	0.05	0.99	0.01002545
1000	0.05	0.99	0.01002542
100	0.05	0.99	0.01002542
1	0.05	0.99	0.01002542
1.00E+05	0.07	0	3.816014
1.00E+08	0.07	0	24.32612
1.00E+05	0.1	0	3.92835
1.00E+08	0.1	0	25.10701
1.00E+05	0.15	0	4.04492
1.00E+08	0.15	0	26.06997
100000000	0.2	0	26.78285
100000	0.2	0	4.130112
1000	0.2	0	1.117311
100	0.2	0	1.001457
1	0.2	0	1
100000000	0.2	0.1	26.69970333
100000	0.2	0.1	4.169186333
1000	0.2	0.1	1.058993
100	0.2	0.1	0.941710433
1	0.2	0.1	0.940255533
100000000	0.2	0.2	26.61655667
100000	0.2	0.2	4.208260667
1000	0.2	0.2	1.000675
100	0.2	0.2	0.881963867
1	0.2	0.2	0.880511067
100000000	0.2	0.3	26.53341
100000	0.2	0.3	4.247335
1000	0.2	0.3	0.942357
100	0.2	0.3	0.8222173
1	0.2	0.3	0.8207666
100000000	0.2	0.4	26.86392
100000	0.2	0.4	4.3371325
1000	0.2	0.4	0.78454365
100	0.2	0.4	0.6998474
1	0.2	0.4	0.698861
100000000	0.2	0.5	27.19443
100000	0.2	0.5	4.42693
1000	0.2	0.5	0.6267303
100	0.2	0.5	0.5774775
1	0.2	0.5	0.5769554
100000000	0.2	0.6	27.18075
100000	0.2	0.6	4.089229
1000	0.2	0.6	0.47951005
100	0.2	0.6	0.4523472
1	0.2	0.6	0.45206045
100000000	0.2	0.7	27.16707
100000	0.2	0.7	3.751528
1000	0.2	0.7	0.3322898
100	0.2	0.7	0.3272169
1	0.2	0.7	0.3271655
100000000	0.2	0.8	28.10292
100000	0.2	0.8	1.834829
1000	0.2	0.8	0.2123663
100	0.2	0.8	0.2116577
1	0.2	0.8	0.2116506
100000000	0.2	0.85	28.81546
100000	0.2	0.85	0.8569015
1000	0.2	0.85	0.1565868
100	0.2	0.85	0.1564139
1	0.2	0.85	0.1564121
100000000	0.2	0.9	29.28252
100000	0.2	0.9	0.2669105
1000	0.2	0.9	0.1027883
100	0.2	0.9	0.1027645
1	0.2	0.9	0.1027643
100000000	0.2	0.92	28.35322
100000	0.2	0.92	0.1456606
1000	0.2	0.92	0.08176729
100	0.2	0.92	0.08175948
1	0.2	0.92	0.0817594
100000000	0.2	0.95	20.0336
100000	0.2	0.95	0.05799
1000	0.2	0.95	0.05064285
100	0.2	0.95	0.05064195
1	0.2	0.95	0.05064194
100000000	0.2	0.96	13.27125
100000	0.2	0.96	0.04287083
1000	0.2	0.96	0.04043531
100	0.2	0.96	0.04043506
1	0.2	0.96	0.04043506
100000000	0.2	0.97	6.539473
100000	0.2	0.97	0.03085062
1000	0.2	0.97	0.03021925
100	0.2	0.97	0.03021917
1	0.2	0.97	0.03023967
100000000	0.2	0.98	2.073468
100000	0.2	0.98	0.02019363
1000	0.2	0.98	0.02008681
100	0.2	0.98	0.02008679
1	0.2	0.98	0.02008679
100000000	0.2	0.99	0.2687349
100000	0.2	0.99	0.01002829
1000	0.2	0.99	0.01002542
100	0.2	0.99	0.01002542
1	0.2	0.99	0.01002542
1.00E+05	0.3	0	4.257981
1.00E+08	0.3	0	28.65723
1.00E+05	0.5	0	4.421305
1.00E+08	0.5	0	29.54962
1.00E+01	0.71	0	1.000015
5.00E+01	0.71	0	1.000365
2.00E+02	0.71	0	1.005784
3.00E+02	0.71	0	1.01285
4.00E+02	0.71	0	1.022452
5.00E+02	0.71	0	1.034335
6.00E+02	0.71	0	1.048213
7.00E+02	0.71	0	1.063787
8.00E+02	0.71	0	1.080766
9.00E+02	0.71	0	1.098876
1.20E+03	0.71	0	1.157643
1.50E+03	0.71	0	1.219364
2.00E+03	0.71	0	1.321123
3.00E+03	0.71	0	1.504528
5.00E+03	0.71	0	1.789201
7.00E+03	0.71	0	2.001615
2.00E+04	0.71	0	2.780533
3.00E+04	0.71	0	3.14308
3.00E+05	0.71	0	6.264391
3.00E+06	0.71	0	11.95858
2.00E+08	0.71	0	36.32989
100000000	0.71	0	30.35774
30000000	0.71	0	22.15349
10000000	0.71	0	16.55186
1000000	0.71	0	8.830655
100000	0.71	0	4.522563
10000	0.71	0	2.245416
1000	0.71	0	1.117866
100	0.71	0	1.001457
1	0.71	0	1
100000000	0.71	0.1	30.35679333
30000000	0.71	0.1	22.16491333
10000000	0.71	0.1	16.56907
1000000	0.71	0.1	8.863145333
100000	0.71	0.1	4.556020333
10000	0.71	0.1	2.245323
1000	0.71	0.1	1.059637733
100	0.71	0.1	0.941710467
1	0.71	0.1	0.940255533
100000000	0.71	0.2	30.35584667
30000000	0.71	0.2	22.17633667
10000000	0.71	0.2	16.58628
1000000	0.71	0.2	8.895635667
100000	0.71	0.2	4.589477667
10000	0.71	0.2	2.24523
1000	0.71	0.2	1.001409467
100	0.71	0.2	0.881963933
1	0.71	0.2	0.880511067
100000000	0.71	0.3	30.3549
30000000	0.71	0.3	22.18776
10000000	0.71	0.3	16.60349
1000000	0.71	0.3	8.928126
100000	0.71	0.3	4.622935
10000	0.71	0.3	2.245137
1000	0.71	0.3	0.9431812
100	0.71	0.3	0.8222174
1	0.71	0.3	0.8207666
100000000	0.71	0.4	30.367075
30000000	0.71	0.4	22.19547
10000000	0.71	0.4	16.63285
1000000	0.71	0.4	8.9628595
100000	0.71	0.4	4.6484735
10000	0.71	0.4	2.0686795
1000	0.71	0.4	0.7849944
100	0.71	0.4	0.6998475
1	0.71	0.4	0.698861
100000000	0.71	0.5	30.37925
30000000	0.71	0.5	22.20318
10000000	0.71	0.5	16.66221
1000000	0.71	0.5	8.997593
100000	0.71	0.5	4.674012
10000	0.71	0.5	1.892222
1000	0.71	0.5	0.6268076
100	0.71	0.5	0.5774776
1	0.71	0.5	0.5769554
100000000	0.71	0.6	30.363515
30000000	0.71	0.6	22.232965
10000000	0.71	0.6	16.69806
1000000	0.71	0.6	8.9826015
100000	0.71	0.6	4.2689635
10000	0.71	0.6	1.2954155
1000	0.71	0.6	0.4795488
100	0.71	0.6	0.45234725
1	0.71	0.6	0.45206045
100000000	0.71	0.7	30.34778
30000000	0.71	0.7	22.26275
10000000	0.71	0.7	16.73391
1000000	0.71	0.7	8.96761
100000	0.71	0.7	3.863915
10000	0.71	0.7	0.698609
1000	0.71	0.7	0.33229
100	0.71	0.7	0.3272169
1	0.71	0.7	0.3271655
100000000	0.71	0.8	30.4949
30000000	0.71	0.8	22.36857
10000000	0.71	0.8	16.69725
1000000	0.71	0.8	8.142004
100000	0.71	0.8	1.848971
10000	0.71	0.8	0.2781812
1000	0.71	0.8	0.2123663
100	0.71	0.8	0.2116577
1	0.71	0.8	0.2116506
100000000	0.71	0.85	30.60036
30000000	0.71	0.85	22.23611
10000000	0.71	0.85	16.25498
1000000	0.71	0.85	6.010764
100000	0.71	0.85	0.8580501
10000	0.71	0.85	0.1734648
1000	0.71	0.85	0.1565868
100	0.71	0.85	0.1564139
1	0.71	0.85	0.1564121
100000000	0.71	0.9	30.1271
30000000	0.71	0.9	20.91906
10000000	0.71	0.9	13.37477
1000000	0.71	0.9	2.432789
100000	0.71	0.9	0.266932
10000	0.71	0.9	0.1051571
1000	0.71	0.9	0.1027883
100	0.71	0.9	0.1027645
1	0.71	0.9	0.1027643
100000000	0.71	0.92	29.08321
30000000	0.71	0.92	18.50588
10000000	0.71	0.92	9.731861
1000000	0.71	0.92	1.308706
100000	0.71	0.92	0.1456628
10000	0.71	0.92	0.08254652
1000	0.71	0.92	0.08176729
100	0.71	0.92	0.08175948
1	0.71	0.92	0.0817594
100000000	0.71	0.95	20.6806
30000000	0.71	0.95	8.427639
10000000	0.71	0.95	3.12135
1000000	0.71	0.95	0.3364598
100000	0.71	0.95	0.05799009
10000	0.71	0.95	0.05073186
1000	0.71	0.95	0.05064285
100	0.71	0.95	0.05064195
1	0.71	0.95	0.05064194
100000000	0.71	0.96	13.55211
30000000	0.71	0.96	4.707061
10000000	0.71	0.96	1.640424
1000000	0.71	0.96	0.1726667
100000	0.71	0.96	0.0428708
10000	0.71	0.96	0.04045971
1000	0.71	0.96	0.04043531
100	0.71	0.96	0.04043506
1	0.71	0.96	0.04043506
100000000	0.71	0.97	6.592473
30000000	0.71	0.97	2.078671
10000000	0.71	0.97	0.7028714
1000000	0.71	0.97	0.07564405
100000	0.71	0.97	0.03085062
10000	0.71	0.97	0.03022742
1000	0.71	0.97	0.03021925
100	0.71	0.97	0.03021917
1	0.71	0.97	0.03023967
100000000	0.71	0.98	2.075509
30000000	0.71	0.98	0.6288816
10000000	0.71	0.98	0.2102489
1000000	0.71	0.98	0.02853794
100000	0.71	0.98	0.02019348
10000	0.71	0.98	0.02008843
1000	0.71	0.98	0.02010193
100	0.71	0.98	0.02008679
1	0.71	0.98	0.02008679
100000000	0.71	0.99	0.2687389
30000000	0.71	0.99	0.0806764
10000000	0.71	0.99	0.02715017
1000000	0.71	0.99	0.01031028
100000	0.71	0.99	0.01002826
10000	0.71	0.99	0.01002545
1000	0.71	0.99	0.01002542
100	0.71	0.99	0.01002542
1	0.71	0.99	0.01002542
1.00E+05	1	0	4.603972
1.00E+08	1	0	30.9254
100000000	2	0	31.60546
100000	2	0	4.687939
1000	2	0	1.117796
100	2	0	1.001457
1	2	0	1
100000000	2	0.1	31.5886
100000	2	0.1	4.707686333
1000	2	0.1	1.059612167
100	2	0.1	0.9417105
1	2	0.1	0.940255533
100000000	2	0.2	31.57174
100000	2	0.2	4.727433667
1000	2	0.2	1.001428333
100	2	0.2	0.881964
1	2	0.2	0.880511067
100000000	2	0.3	31.55488
100000	2	0.3	4.747181
1000	2	0.3	0.9432445
100	2	0.3	0.8222175
1	2	0.3	0.8207666
100000000	2	0.4	31.5709
100000	2	0.4	4.7478115
1000	2	0.4	0.78502845
100	2	0.4	0.69984755
1	2	0.4	0.698861
100000000	2	0.5	31.58692
100000	2	0.5	4.748442
1000	2	0.5	0.6268124
100	2	0.5	0.5774776
1	2	0.5	0.5769554
100000000	2	0.6	31.56204
100000	2	0.6	4.314796
1000	2	0.6	0.4795512
100	2	0.6	0.45234725
1	2	0.6	0.45206045
100000000	2	0.7	31.53716
100000	2	0.7	3.88115
1000	2	0.7	0.33229
100	2	0.7	0.3272169
1	2	0.7	0.3271655
100000000	2	0.8	31.46391
100000	2	0.8	1.850221
1000	2	0.8	0.2123663
100	2	0.8	0.2116577
1	2	0.8	0.2116506
100000000	2	0.85	31.35939
100000	2	0.85	0.858118
1000	2	0.85	0.1565868
100	2	0.85	0.1564139
1	2	0.85	0.1564121
100000000	2	0.9	30.54896
100000	2	0.9	0.266933
1000	2	0.9	0.1027883
100	2	0.9	0.1027645
1	2	0.9	0.1027643
100000000	2	0.92	29.40756
100000	2	0.92	0.145663
1000	2	0.92	0.08176729
100	2	0.92	0.08175948
1	2	0.92	0.0817594
100000000	2	0.95	20.84767
100000	2	0.95	0.05799011
1000	2	0.95	0.05064285
100	2	0.95	0.05064195
1	2	0.95	0.05064194
100000000	2	0.96	13.61539
100000	2	0.96	0.04287085
1000	2	0.96	0.04043531
100	2	0.96	0.04043506
1	2	0.96	0.04043506
100000000	2	0.97	6.601446
100000	2	0.97	0.03085062
1000	2	0.97	0.03021925
100	2	0.97	0.03021917
1	2	0.97	0.03023967
100000000	2	0.98	2.075698
100000	2	0.98	0.02019363
1000	2	0.98	0.02008681
100	2	0.98	0.02008679
1	2	0.98	0.02008679
100000000	2	0.99	0.2687394
100000	2	0.99	0.01002829
1000	2	0.99	0.01002542
100	2	0.99	0.01002542
1	2	0.99	0.01002542
1.00E+05	3	0	4.710727
1.00E+08	3	0	31.77973
1.00E+05	5	0	4.722842
1.00E+08	5	0	31.89241
2.00E+08	10	0	38.31167
1.00E+01	10	0	1.000015
100000000	10	0	31.95458
30000000	10	0	23.27306
10000000	10	0	17.36399
1000000	10	0	9.232648
100000	10	0	4.727927
10000	10	0	2.274821
1000	10	0	1.118857
100	10	0	1.001457
1	10	0	1
100000000	10	0.1	31.93450667
30000000	10	0.1	23.26831
10000000	10	0.1	17.36744
1000000	10	0.1	9.24972133
100000	10	0.1	4.744520667
10000	10	0.1	2.268562667
1000	10	0.1	1.0603217
100	10	0.1	0.9417105
1	10	0.1	0.940255533
100000000	10	0.2	31.91443333
30000000	10	0.2	23.26356
10000000	10	0.2	17.37089
1000000	10	0.2	9.26679467
100000	10	0.2	4.761114333
10000	10	0.2	2.262304333
1000	10	0.2	1.0017864
100	10	0.2	0.881964
1	10	0.2	0.880511067
100000000	10	0.3	31.89436
30000000	10	0.3	23.25881
10000000	10	0.3	17.37434
1000000	10	0.3	9.283868
100000	10	0.3	4.777708
10000	10	0.3	2.256046
1000	10	0.3	0.9432511
100	10	0.3	0.8222175
1	10	0.3	0.8207666
100000000	10	0.4	31.9121
30000000	10	0.4	23.282825
10000000	10	0.4	17.40946
1000000	10	0.4	9.334062
100000	10	0.4	4.773311
10000	10	0.4	2.0758765
1000	10	0.4	0.78503185
100	10	0.4	0.69984755
1	10	0.4	0.698861
100000000	10	0.5	31.92984
30000000	10	0.5	23.30684
10000000	10	0.5	17.44458
1000000	10	0.5	9.384256
100000	10	0.5	4.768914
10000	10	0.5	1.895707
1000	10	0.5	0.6268126
100	10	0.5	0.5774776
1	10	0.5	0.5769554
100000000	10	0.6	31.97715
30000000	10	0.6	23.364475
10000000	10	0.6	17.48136
1000000	10	0.6	9.292058
100000	10	0.6	4.3265235
10000	10	0.6	1.2971852
1000	10	0.6	0.4795513
100	10	0.6	0.45234725
1	10	0.6	0.45206045
100000000	10	0.7	32.02446
30000000	10	0.7	23.42211
10000000	10	0.7	17.51814
1000000	10	0.7	9.19986
100000	10	0.7	3.884133
10000	10	0.7	0.6986634
1000	10	0.7	0.33229
100	10	0.7	0.3272169
1	10	0.7	0.3271655
100000000	10	0.8	31.99134
30000000	10	0.8	23.28158
10000000	10	0.8	17.21286
1000000	10	0.8	8.247184
100000	10	0.8	1.850376
10000	10	0.8	0.2781822
1000	10	0.8	0.2123663
100	10	0.8	0.2116577
1	10	0.8	0.2116506
100000000	10	0.85	31.7892
30000000	10	0.85	22.86757
10000000	10	0.85	16.58944
1000000	10	0.85	6.04761
100000	10	0.85	0.8581175
10000	10	0.85	0.173465
1000	10	0.85	0.1565868
100	10	0.85	0.1564139
1	10	0.85	0.1564121
100000000	10	0.9	30.7938
30000000	10	0.9	21.27219
10000000	10	0.9	13.53474
1000000	10	0.9	2.434572
100000	10	0.9	0.266933
10000	10	0.9	0.1051571
1000	10	0.9	0.1027883
100	10	0.9	0.1027645
1	10	0.9	0.1027643
100000000	10	0.92	29.57805
30000000	10	0.92	18.74994
10000000	10	0.92	9.800665
1000000	10	0.92	1.30889
100000	10	0.92	0.145663
10000	10	0.92	0.08254652
1000	10	0.92	0.08176729
100	10	0.92	0.08175948
1	10	0.92	0.0817594
100000000	10	0.95	20.89889
30000000	10	0.95	8.460283
10000000	10	0.95	3.123362
1000000	10	0.95	0.3364656
100000	10	0.95	0.05799012
10000	10	0.95	0.05073186
1000	10	0.95	0.05064285
100	10	0.95	0.05064195
1	10	0.95	0.05064194
100000000	10	0.96	13.63069
30000000	10	0.96	4.712535
10000000	10	0.96	1.640622
1000000	10	0.96	0.1726679
100000	10	0.96	0.04287085
10000	10	0.96	0.04045971
1000	10	0.96	0.04043531
100	10	0.96	0.04043506
1	10	0.96	0.04043506
100000000	10	0.97	6.603112
30000000	10	0.97	2.078996
10000000	10	0.97	0.7028789
1000000	10	0.97	0.07564444
100000	10	0.97	0.03085062
10000	10	0.97	0.03022742
1000	10	0.97	0.03021925
100	10	0.97	0.03021917
1	10	0.97	0.03023967
100000000	10	0.98	2.075726
30000000	10	0.98	0.6288847
10000000	10	0.98	0.2102489
1000000	10	0.98	0.02853799
100000	10	0.98	0.02019363
10000	10	0.98	0.02008843
1000	10	0.98	0.02008681
100	10	0.98	0.02008679
1	10	0.98	0.02008679
100000000	10	0.99	0.2687396
30000000	10	0.99	0.08067629
10000000	10	0.99	0.02715019
1000000	10	0.99	0.01031024
100000	10	0.99	0.01002829
10000	10	0.99	0.01002545
1000	10	0.99	0.01002542
100	10	0.99	0.01002542
1	10	0.99	0.01002542
1.00E+05	50	0	4.729585
1.00E+08	50	0	31.98613
1.00E+07	100	0	17.37648
1.00E+06	100	0	9.236681
1.00E+04	100	0	2.2753
2.00E+08	100	0	38.34325
1.00E+01	100	0	1.000015
100000000	100	0	31.9889
100000	100	0	4.730106
1000	100	0	1.118851
100	100	0	1.001457
1	100	0	1
100000000	100	0.1	31.96824667
100000	100	0.1	4.746633333
1000	100	0.1	1.0603176
100	100	0.1	0.9417105
1	100	0.1	0.940255533
100000000	100	0.2	31.94759333
100000	100	0.2	4.763160667
1000	100	0.2	1.0017842
100	100	0.2	0.881964
1	100	0.2	0.880511067
100000000	100	0.3	31.92694
100000	100	0.3	4.779688
1000	100	0.3	0.9432508
100	100	0.3	0.8222175
1	100	0.3	0.8207666
100000000	100	0.4	31.94383
100000	100	0.4	4.7754355
1000	100	0.4	0.78503165
100	100	0.4	0.69984755
1	100	0.4	0.698861
100000000	100	0.5	31.96072
100000	100	0.5	4.771183
1000	100	0.5	0.6268125
100	100	0.5	0.5774776
1	100	0.5	0.5769554
100000000	100	0.6	32.010455
100000	100	0.6	4.327761
1000	100	0.6	0.47955125
100	100	0.6	0.45234725
1	100	0.6	0.45206045
100000000	100	0.7	32.06019
100000	100	0.7	3.884339
1000	100	0.7	0.33229
100	100	0.7	0.3272169
1	100	0.7	0.3271655
100000000	100	0.8	32.06284
100000	100	0.8	1.850378
1000	100	0.8	0.2123663
100	100	0.8	0.2116577
1	100	0.8	0.2116506
100000000	100	0.85	31.85841
100000	100	0.85	0.8581153
1000	100	0.85	0.1565868
100	100	0.85	0.1564139
1	100	0.85	0.1564121
100000000	100	0.9	30.83316
100000	100	0.9	0.2669381
1000	100	0.9	0.1027883
100	100	0.9	0.1027645
1	100	0.9	0.1027643
100000000	100	0.92	29.60136
100000	100	0.92	0.1456658
1000	100	0.92	0.08176729
100	100	0.92	0.08175948
1	100	0.92	0.0817594
100000000	100	0.95	20.9021
100000	100	0.95	0.05799021
1000	100	0.95	0.05064285
100	100	0.95	0.05064196
1	100	0.95	0.05064194
100000000	100	0.96	13.63144
100000	100	0.96	0.04287099
1000	100	0.96	0.04043531
100	100	0.96	0.04043508
1	100	0.96	0.04043506
100000000	100	0.97	6.603211
100000	100	0.97	0.03085063
1000	100	0.97	0.03021925
100	100	0.97	0.03021917
1	100	0.97	0.03023967
100000000	100	0.98	2.075728
100000	100	0.98	0.02019363
1000	100	0.98	0.02008681
100	100	0.98	0.0200868
1	100	0.98	0.02008679
100000000	100	0.99	0.2687451
100000	100	0.99	0.01002829
1000	100	0.99	0.01002542
100	100	0.99	0.01002542
1	100	0.99	0.01002542
100000000	300	0	31.9889
100000	300	0	4.730106
1000	300	0	1.118851
100	300	0	1.001457
1	300	0	1
100000000	300	0.1	31.96824667
100000	300	0.1	4.746633333
1000	300	0.1	1.0603176
100	300	0.1	0.9417105
1	300	0.1	0.940255533
100000000	300	0.2	31.94759333
100000	300	0.2	4.763160667
1000	300	0.2	1.0017842
100	300	0.2	0.881964
1	300	0.2	0.880511067
100000000	300	0.3	31.92694
100000	300	0.3	4.779688
1000	300	0.3	0.9432508
100	300	0.3	0.8222175
1	300	0.3	0.8207666
100000000	300	0.4	31.94383
100000	300	0.4	4.7754355
1000	300	0.4	0.78503165
100	300	0.4	0.69984755
1	300	0.4	0.698861
100000000	300	0.5	31.96072
100000	300	0.5	4.771183
1000	300	0.5	0.6268125
100	300	0.5	0.5774776
1	300	0.5	0.5769554
100000000	300	0.6	32.010455
100000	300	0.6	4.327761
1000	300	0.6	0.47955125
100	300	0.6	0.45234725
1	300	0.6	0.45206045
100000000	300	0.7	32.06019
100000	300	0.7	3.884339
1000	300	0.7	0.33229
100	300	0.7	0.3272169
1	300	0.7	0.3271655
100000000	300	0.8	32.06284
100000	300	0.8	1.850378
1000	300	0.8	0.2123663
100	300	0.8	0.2116577
1	300	0.8	0.2116506
100000000	300	0.85	31.85841
100000	300	0.85	0.8581153
1000	300	0.85	0.1565868
100	300	0.85	0.1564139
1	300	0.85	0.1564121
100000000	300	0.9	30.83316
100000	300	0.9	0.2669381
1000	300	0.9	0.1027883
100	300	0.9	0.1027645
1	300	0.9	0.1027643
100000000	300	0.92	29.60136
100000	300	0.92	0.1456658
1000	300	0.92	0.08176729
100	300	0.92	0.08175948
1	300	0.92	0.0817594
100000000	300	0.95	20.9021
100000	300	0.95	0.05799021
1000	300	0.95	0.05064285
100	300	0.95	0.05064196
1	300	0.95	0.05064194
100000000	300	0.96	13.63144
100000	300	0.96	0.04287099
1000	300	0.96	0.04043531
100	300	0.96	0.04043508
1	300	0.96	0.04043506
100000000	300	0.97	6.603211
100000	300	0.97	0.03085063
1000	300	0.97	0.03021925
100	300	0.97	0.03021917
1	300	0.97	0.03023967
100000000	300	0.98	2.075728
100000	300	0.98	0.02019363
1000	300	0.98	0.02008681
100	300	0.98	0.0200868
1	300	0.98	0.02008679
100000000	300	0.99	0.2687451
100000	300	0.99	0.01002829
1000	300	0.99	0.01002542
100	300	0.99	0.01002542
1	300	0.99	0.01002542
100000000	1000	0	31.9889
100000	1000	0	4.730106
1000	1000	0	1.118851
100	1000	0	1.001457
1	1000	0	1
100000000	1000	0.1	31.96824667
100000	1000	0.1	4.746633333
1000	1000	0.1	1.0603176
100	1000	0.1	0.9417105
1	1000	0.1	0.940255533
100000000	1000	0.2	31.94759333
100000	1000	0.2	4.763160667
1000	1000	0.2	1.0017842
100	1000	0.2	0.881964
1	1000	0.2	0.880511067
100000000	1000	0.3	31.92694
100000	1000	0.3	4.779688
1000	1000	0.3	0.9432508
100	1000	0.3	0.8222175
1	1000	0.3	0.8207666
100000000	1000	0.4	31.94383
100000	1000	0.4	4.7754355
1000	1000	0.4	0.78503165
100	1000	0.4	0.69984755
1	1000	0.4	0.698861
100000000	1000	0.5	31.96072
100000	1000	0.5	4.771183
1000	1000	0.5	0.6268125
100	1000	0.5	0.5774776
1	1000	0.5	0.5769554
100000000	1000	0.6	32.010455
100000	1000	0.6	4.327761
1000	1000	0.6	0.47955125
100	1000	0.6	0.45234725
1	1000	0.6	0.45206045
100000000	1000	0.7	32.06019
100000	1000	0.7	3.884339
1000	1000	0.7	0.33229
100	1000	0.7	0.3272169
1	1000	0.7	0.3271655
100000000	1000	0.8	32.06284
100000	1000	0.8	1.850378
1000	1000	0.8	0.2123663
100	1000	0.8	0.2116577
1	1000	0.8	0.2116506
100000000	1000	0.85	31.85841
100000	1000	0.85	0.8581153
1000	1000	0.85	0.1565868
100	1000	0.85	0.1564139
1	1000	0.85	0.1564121
100000000	1000	0.9	30.83316
100000	1000	0.9	0.2669381
1000	1000	0.9	0.1027883
100	1000	0.9	0.1027645
1	1000	0.9	0.1027643
100000000	1000	0.92	29.60136
100000	1000	0.92	0.1456658
1000	1000	0.92	0.08176729
100	1000	0.92	0.08175948
1	1000	0.92	0.0817594
100000000	1000	0.95	20.9021
100000	1000	0.95	0.05799021
1000	1000	0.95	0.05064285
100	1000	0.95	0.05064196
1	1000	0.95	0.05064194
100000000	1000	0.96	13.63144
100000	1000	0.96	0.04287099
1000	1000	0.96	0.04043531
100	1000	0.96	0.04043508
1	1000	0.96	0.04043506
100000000	1000	0.97	6.603211
100000	1000	0.97	0.03085063
1000	1000	0.97	0.03021925
100	1000	0.97	0.03021917
1	1000	0.97	0.03023967
100000000	1000	0.98	2.075728
100000	1000	0.98	0.02019363
1000	1000	0.98	0.02008681
100	1000	0.98	0.0200868
1	1000	0.98	0.02008679
100000000	1000	0.99	0.2687451
100000	1000	0.99	0.01002829
1000	1000	0.99	0.01002542
100	1000	0.99	0.01002542
1	1000	0.99	0.01002542
